{
    "phoneticAlphabet": [
        "Alpha", "Bravo", "Charlie", "Delta", "Echo", "Foxtrot", "Golf", "Hotel", "India", "Juliett",
        "Kilo", "Lima", "Mike", "November", "Oscar", "Papa", "Quebec", "Romeo", "Sierra", "Tango",
        "Uniform", "Victor", "Whiskey", "Xray", "Yankee", "Zulu", "Beta"
    ],
    "animals": {
        "A": ["Aardvark", "Albatross", "Alligator", "Anaconda", "Antelope", "Armadillo", "Axolotl", "Avocet", "Aye-aye", "Arctic Fox"],
        "B": ["Bear", "Bison", "Buffalo", "Badger", "Bat", "Beaver", "Bobcat", "Boar", "Bumblebee", "Barracuda"],
        "C": ["Cheetah", "Cougar", "Coyote", "Crane", "Crocodile", "Camel", "Cat", "Chameleon", "Caribou", "Condor"],
        "D": ["Deer", "Dingo", "Dolphin", "Duck", "Dodo", "Donkey", "Dragonfly", "Dugong", "Dunlin", "Dormouse"],
        "E": ["Eagle", "Elephant", "Elk", "Emu", "Ermine", "Echidna", "Egret", "Earthworm", "Eel", "Elephant Seal"],
        "F": ["Fox", "Falcon", "Flamingo", "Ferret", "Frog", "Finch", "Fennec", "Fish", "Frigatebird", "Flying Squirrel"],
        "G": ["Gorilla", "Giraffe", "Gazelle", "Goose", "Gopher", "Gecko", "Gibbon", "Gull", "Gnu", "Goldfish"],
        "H": ["Hawk", "Horse", "Hippopotamus", "Hare", "Hyena", "Hedgehog", "Heron", "Hummingbird", "Hamster", "Harrier"],
        "I": ["Iguana", "Ibex", "Ibis", "Impala", "Inchworm", "Indri", "Isopod", "Ichthyosaur", "Irukandji", "Ivory Gull"],
        "J": ["Jaguar", "Jackal", "Jellyfish", "Jay", "Jerboa", "Jackrabbit", "Juniper Titmouse", "Javelina", "Jacana", "Junglefowl"],
        "K": ["Kangaroo", "Koala", "Kudu", "Kiwi", "Kestrel", "Kingfisher", "Kinkajou", "Komodo Dragon", "Kookaburra", "Kit Fox"],
        "L": ["Lion", "Leopard", "Lemur", "Llama", "Lynx", "Lark", "Lobster", "Locust", "Loris", "Lamprey"],
        "M": ["Moose", "Monkey", "Mule", "Magpie", "Manatee", "Marmot", "Meerkat", "Mole", "Mantis", "Macaw"],
        "N": ["Narwhal", "Newt", "Nightingale", "Numbat", "Nutria", "Nyala", "Nene", "Nautilus", "Nighthawk", "Natterjack"],
        "O": ["Ocelot", "Ostrich", "Otter", "Owl", "Orangutan", "Okapi", "Osprey", "Octopus", "Ox", "Oystercatcher"],
        "P": ["Panther", "Penguin", "Porcupine", "Parrot", "Puma", "Python", "Pelican", "Pig", "Pigeon", "Platypus"],
        "Q": ["Quail", "Quokka", "Quetzal", "Quoll", "Queen Bee", "Quagga", "Quarterhorse", "Quelea", "Quahog", "Quirky Quail"],
        "R": ["Rhino", "Rabbit", "Raccoon", "Raven", "Reindeer", "Rat", "Rattlesnake", "Robin", "Rhea", "Roadrunner"],
        "S": ["Shark", "Snake", "Squirrel", "Stork", "Swan", "Seal", "Sparrow", "Scorpion", "Sloth", "Salamander"],
        "T": ["Tiger", "Turtle", "Toucan", "Turkey", "Tarantula", "Tapir", "Toad", "Trout", "Takahē", "Tamarin"],
        "U": ["Umbrellabird", "Urial", "Urchin", "Uakari", "Unicornfish", "Upland Goose", "Uguisu", "Umber Hulk", "Utonagan", "Uromastyx"],
        "V": ["Vulture", "Viper", "Vole", "Vaquita", "Vicugna", "Vervet", "Velociraptor", "Vine Snake", "Vizsla", "Vanga"],
        "W": ["Wolf", "Whale", "Wombat", "Woodpecker", "Warthog", "Weasel", "Wildebeest", "Wallaby", "Walrus", "Wren"],
        "X": ["X-ray Tetra", "Xenopus", "Xerus", "Xoloitzcuintli", "Xantus’s Hummingbird", "Xenarthra", "Xiphosura", "Xanclomys", "Xeme", "Xingu Owl"],
        "Y": ["Yak", "Yeti Crab", "Yellowjacket", "Yabby", "Yardang", "Yelkouan Shearwater", "Yucatan Jay", "Yellowhammer", "Yaffle", "Yuhina"],
        "Z": ["Zebra", "Zebu", "Zorilla", "Zander", "Zapata Wren", "Zokor", "Zebra Finch", "Zebrafish", "Ziziphus", "Zorro"]
    },
    "easterEggs": [
        "Whiskey Tango Foxtrot",
        "Situation Normal All Fumbled Up",
        "Thunder Hubcap",
        "Biscuit Bandit",
        "Gravy Train Wreck",
        "Dusty Trailblazer",
        "Sir Gallopsalot",
        "Cactus Jackpot",
        "Rusty Shoe Runner",
        "Velvet Moonbeam",
        "Tater Tot Titan",
        "Blazing Saddlebags",
        "Hoof Hearted",
        "Ginger Snap Dash",
        "Paddlefoot Pete",
        "Sugar Cube Stormer",
        "Barnyard Boogie",
        "Diesel Doodle",
        "Hay Bale Hustler",
        "Corncob Canter",
        "Jukebox Jumper",
        "Oatmeal Odyssey",
        "Buckaroo Bonanza"
    ]
}