{
    "leaderMessages": [
        "{player} has taken the lead!",
        "{player} storms to the top!",
        "{player} claims first place!",
        "{player} is now the frontrunner!",
        "{player} takes the lead with a stunning performance!",
        "All hail {player}, the new scoreboard sovereign!",
        "{player} surges ahead, leaving rivals in the dust!",
        "With flair, {player} grabs the top spot!",
        "{player} rises to reign supreme!",
        "The lead belongs to {player} now!",
        "{player} blasts into first with style!",
        "Cheers for {player}, the new top dog!",
        "{player} seizes the crown in a flash!",
        "Unstoppable, {player} takes the helm!",
        "{player} leaps to lead the pack!",
        "Bow to {player}, ruler of the ranks!",
        "{player} dashes ahead, top-tier!",
        "A bold move puts {player} in front!",
        "{player} conquers the leaderboard peak!",
        "The spotlight’s on {player} at the top!",
        "{player} powers through to first!",
        "Hail {player}, master of the board!",
        "{player} vaults into the lead!",
        "First place shines with {player}!"
    ],
    "surgeMessages": [
        "{player} is surging from behind!",
        "{player} makes a bold move up the ranks!",
        "{player} leaps forward in the standings!",
        "{player} charges through the pack!",
        "{player} makes a massive leap up the ranks!",
        "Watch out, {player} is on a scoring spree!",
        "{player} rockets up the leaderboard like a champ!",
        "Up the board, {player} storms ahead!",
        "{player} blasts through the field!",
        "A wild surge from {player} shakes things up!",
        "{player} climbs fast and fierce!",
        "Soaring high, {player} gains ground!",
        "{player} vaults past the competition!",
        "With speed, {player} rises quick!",
        "{player} dashes up the standings!",
        "The ranks tremble as {player} surges!",
        "{player} powers through the crowd!",
        "A big jump puts {player} in play!",
        "{player} rockets into the fray!",
        "Watch {player} charge up the list!",
        "Upward bound, {player} makes waves!",
        "{player} leaps with unstoppable force!",
        "{player} surges like a tidal wave!"
    ],
    "funMessages": [
        "The scores are heating up!",
        "Who will claim victory?",
        "It’s anyone’s game now!",
        "The competition is fierce!",
        "Scores are flying fast!",
        "Keep your eyes on the leaderboard!",
        "The crowd goes wild!",
        "What a twist in the tale!",
        "Points are flying everywhere!",
        "The game’s on fire today!",
        "A wild ride on the scoreboard!",
        "Hold tight, it’s getting crazy!",
        "The stakes just shot up!",
        "Score chaos in full swing!",
        "Who’s next to steal the show?",
        "The board’s alive with action!",
        "Points rain down like confetti!",
        "It’s a rollercoaster out there!",
        "The race tightens every second!",
        "Scoreboard madness unleashed!",
        "A flurry of epic plays!",
        "The game twists and turns!",
        "Excitement hits fever pitch!",
        "The leaderboard’s buzzing now!"
    ],
    "warningMessages": [
        "Time’s ticking, step it up!",
        "The clock’s turning yellow—hurry!",
        "Less than two minutes remain!",
        "The end is near—push harder!",
        "Yellow alert: time’s running low!",
        "Hustle, the timer’s waning!",
        "Two minutes left—make it count!",
        "Clock’s yellow—pressure’s on!"
    ],
    "urgentMessages": [
        "Hurry! There’s not much time left!",
        "Red alert—seconds are slipping!",
        "30 seconds to go—go all out!",
        "Time’s almost up—rush it!",
        "The clock’s red—final sprint!",
        "Last chance—make it quick!",
        "Seconds ticking—finish strong!",
        "Endgame now—time’s critical!"
    ]
}